,0
0,2023-03-27 23:20:00-07:00
1,2023-03-27 23:08:49-07:00
2,2023-03-27 23:08:42-07:00
3,2023-03-27 23:02:52-07:00
4,2023-03-27 22:55:25-07:00
5,2023-03-27 22:55:19-07:00
6,2023-03-27 22:47:59-07:00
7,2023-03-27 22:42:15-07:00
8,2023-03-27 22:42:00-07:00
9,2023-03-27 22:39:24-07:00
10,2023-03-27 22:33:25-07:00
11,2023-03-27 22:31:24-07:00
12,2023-03-27 22:25:56-07:00
13,2023-03-27 22:18:08-07:00
14,2023-03-27 22:18:08-07:00
15,2023-03-27 14:14:11-07:00
16,2023-03-27 14:10:33-07:00
17,2023-03-27 14:02:38-07:00
18,2023-03-27 13:55:00-07:00
19,2023-03-27 13:48:36-07:00
20,2023-02-05 02:17:46-08:00
21,2023-02-05 02:12:55-08:00
22,2023-02-05 02:06:09-08:00
23,2023-02-05 02:05:58-08:00
24,2023-02-05 01:44:50-08:00
25,2023-02-05 01:28:25-08:00
26,2023-02-05 01:24:29-08:00
27,2023-02-05 01:21:15-08:00
28,2023-02-05 01:21:08-08:00
29,2023-02-05 01:21:02-08:00
30,2023-02-05 01:16:04-08:00
31,2023-02-05 01:15:57-08:00
32,2023-01-04 11:01:29-08:00
33,2023-01-04 11:01:22-08:00
34,2023-01-04 10:57:54-08:00
35,2023-01-04 10:51:55-08:00
36,2023-01-04 10:51:42-08:00
37,2023-01-04 10:39:19-08:00
38,2023-01-02 21:22:38-08:00
39,2023-01-02 21:22:32-08:00
40,2023-01-02 21:20:30-08:00
41,2023-01-02 21:20:09-08:00
42,2023-01-02 21:19:58-08:00
43,2023-01-02 21:16:50-08:00
44,2023-01-02 20:34:43-08:00
45,2023-01-02 20:34:30-08:00
46,2023-01-02 20:32:37-08:00
47,2023-01-02 20:30:21-08:00
48,2023-01-02 20:24:08-08:00
49,2023-01-02 20:18:04-08:00
50,2023-01-02 19:27:15-08:00
51,2022-12-29 22:58:41-08:00
52,2022-12-29 22:55:31-08:00
53,2022-12-29 22:55:14-08:00
54,2022-12-29 22:53:08-08:00
55,2022-12-29 22:45:10-08:00
56,2022-12-29 22:45:03-08:00
57,2022-12-29 22:39:24-08:00
58,2022-12-29 22:31:46-08:00
59,2022-12-29 22:26:05-08:00
60,2022-12-29 22:25:58-08:00
61,2022-12-29 22:20:26-08:00
62,2022-12-29 22:13:04-08:00
63,2022-12-29 21:59:54-08:00
64,2022-12-26 16:29:16-08:00
65,2022-12-26 16:29:09-08:00
66,2022-12-24 21:11:05-08:00
67,2022-12-24 21:10:56-08:00
68,2022-12-23 19:57:37-08:00
69,2022-12-23 19:57:10-08:00
70,2022-12-23 19:57:01-08:00
71,2022-12-23 18:38:44-08:00
72,2022-12-23 18:21:33-08:00
73,2022-12-23 18:19:09-08:00
74,2022-12-23 16:38:12-08:00
75,2022-12-23 16:38:03-08:00
76,2022-12-22 17:40:51-08:00
77,2022-12-22 17:34:52-08:00
78,2022-12-22 17:19:57-08:00
79,2022-12-22 17:19:48-08:00
80,2022-12-09 20:17:00-08:00
81,2022-12-08 17:41:23-08:00
82,2022-12-05 20:29:43-08:00
83,2022-12-05 20:20:21-08:00
84,2022-12-05 20:13:48-08:00
85,2022-12-05 20:12:39-08:00
86,2022-12-05 19:38:53-08:00
87,2022-12-05 19:38:38-08:00
88,2022-12-05 19:30:54-08:00
89,2022-12-05 19:30:39-08:00
90,2022-12-05 19:30:23-08:00
91,2022-12-05 19:25:21-08:00
92,2022-12-05 19:20:19-08:00
93,2022-12-05 19:15:55-08:00
94,2022-12-05 19:15:39-08:00
95,2022-12-05 19:11:02-08:00
96,2022-12-05 19:10:55-08:00
97,2022-12-05 19:07:42-08:00
98,2022-12-05 12:40:15-08:00
99,2022-12-05 12:35:59-08:00
100,2022-12-05 12:29:18-08:00
101,2022-12-05 12:21:52-08:00
102,2022-12-05 12:21:37-08:00
103,2022-12-05 12:17:19-08:00
104,2022-12-05 12:13:02-08:00
105,2022-12-05 12:12:56-08:00
106,2022-12-05 12:08:28-08:00
107,2022-12-05 12:08:19-08:00
108,2022-12-05 12:08:04-08:00
109,2022-12-04 12:54:28-08:00
110,2022-12-04 12:50:30-08:00
111,2022-12-04 12:50:23-08:00
112,2022-12-02 17:32:07-08:00
113,2022-11-19 20:20:06-08:00
114,2022-11-19 20:20:04-08:00
115,2022-11-19 20:19:59-08:00
116,2022-11-19 20:19:00-08:00
117,2022-11-19 20:18:17-08:00
118,2022-11-19 20:17:16-08:00
119,2022-11-19 20:16:37-08:00
120,2022-11-19 20:16:33-08:00
121,2022-11-19 20:16:13-08:00
122,2022-11-19 20:15:48-08:00
123,2022-11-19 20:05:10-08:00
124,2022-11-19 19:54:54-08:00
125,2022-11-19 19:48:19-08:00
126,2022-11-19 18:13:44-08:00
127,2022-11-19 18:06:30-08:00
128,2022-11-19 18:02:34-08:00
129,2022-11-15 23:02:02-08:00
130,2022-11-15 23:01:55-08:00
131,2022-11-15 23:01:48-08:00
132,2022-11-15 22:46:25-08:00
133,2022-11-13 00:51:42-08:00
134,2022-11-13 00:46:46-08:00
135,2022-11-13 00:40:30-08:00
136,2022-11-13 00:34:14-08:00
137,2022-11-13 00:34:08-08:00
138,2022-11-13 00:25:35-08:00
139,2022-11-13 00:25:30-08:00
140,2022-11-13 00:20:31-08:00
141,2022-11-13 00:18:55-08:00
142,2022-11-13 00:12:40-08:00
143,2022-11-13 00:03:12-08:00
144,2022-11-13 00:03:06-08:00
145,2022-11-12 23:56:38-08:00
146,2022-11-12 23:56:32-08:00
147,2022-11-12 23:51:52-08:00
148,2022-11-12 23:51:36-08:00
149,2022-11-12 23:51:30-08:00
150,2022-11-12 23:45:39-08:00
151,2022-11-12 23:45:30-08:00
152,2022-11-12 23:27:39-08:00
153,2022-11-12 23:25:47-08:00
154,2022-11-12 23:25:40-08:00
155,2022-11-12 21:48:35-08:00
156,2022-11-12 21:48:29-08:00
157,2022-11-12 21:48:23-08:00
158,2022-11-12 21:48:11-08:00
159,2022-11-12 21:44:15-08:00
160,2022-11-12 21:44:08-08:00
161,2022-11-12 21:44:01-08:00
162,2022-11-12 21:40:50-08:00
163,2022-11-12 21:39:30-08:00
164,2022-11-12 21:35:41-08:00
165,2022-11-12 21:35:31-08:00
166,2022-11-12 21:33:42-08:00
167,2022-11-12 21:31:02-08:00
168,2022-11-12 21:28:33-08:00
169,2022-11-12 21:22:19-08:00
170,2022-11-12 21:09:10-08:00
171,2022-11-12 21:05:46-08:00
172,2022-11-12 21:05:39-08:00
173,2022-11-12 20:58:06-08:00
174,2022-11-12 20:58:00-08:00
175,2022-11-12 20:51:12-08:00
176,2022-11-12 20:51:06-08:00
177,2022-11-12 20:44:22-08:00
178,2022-11-12 20:41:24-08:00
179,2022-10-22 14:21:36-07:00
180,2022-10-22 14:19:25-07:00
181,2022-10-22 14:10:51-07:00
182,2022-10-22 14:07:33-07:00
183,2022-10-22 14:06:54-07:00
184,2022-10-18 14:53:31-07:00
185,2022-10-18 11:11:55-07:00
186,2022-10-18 11:07:24-07:00
187,2022-10-18 10:49:41-07:00
188,2022-10-18 10:42:57-07:00
189,2022-10-18 10:36:14-07:00
190,2022-10-18 10:36:08-07:00
191,2022-10-18 10:35:52-07:00
192,2022-10-17 08:08:57-07:00
193,2022-10-16 22:18:23-07:00
194,2022-10-16 17:42:10-07:00
195,2022-10-16 17:42:03-07:00
196,2022-10-11 11:20:42-07:00
197,2022-10-05 23:19:59-07:00
198,2022-10-05 23:19:57-07:00
199,2022-10-05 23:19:25-07:00
200,2022-10-05 23:04:03-07:00
201,2022-10-05 23:02:37-07:00
202,2022-10-05 23:02:30-07:00
203,2022-10-05 23:02:24-07:00
204,2022-10-05 16:07:12-07:00
205,2022-10-05 16:07:05-07:00
206,2022-10-05 16:06:59-07:00
207,2022-10-05 16:04:43-07:00
208,2022-10-04 17:42:35-07:00
209,2022-10-04 17:36:08-07:00
210,2022-10-04 17:35:59-07:00
211,2022-10-04 17:35:53-07:00
212,2022-10-03 12:50:17-07:00
213,2022-10-03 12:42:22-07:00
214,2022-10-03 12:42:16-07:00
215,2022-10-03 12:42:04-07:00
216,2022-10-03 12:41:45-07:00
217,2022-10-03 12:40:43-07:00
218,2022-10-03 12:36:23-07:00
219,2022-10-03 12:36:15-07:00
220,2022-10-03 12:34:28-07:00
221,2022-10-03 12:34:11-07:00
222,2022-10-03 12:28:32-07:00
223,2022-10-03 12:19:17-07:00
224,2022-10-03 12:19:02-07:00
225,2022-10-03 12:12:16-07:00
226,2022-10-03 12:11:39-07:00
227,2022-10-03 12:11:33-07:00
228,2022-10-03 12:10:40-07:00
229,2022-10-02 10:46:46-07:00
230,2022-10-02 10:38:42-07:00
231,2022-10-02 10:31:35-07:00
232,2022-10-02 09:35:43-07:00
233,2022-10-02 09:35:36-07:00
234,2022-10-02 09:30:03-07:00
235,2022-10-02 09:29:48-07:00
236,2022-10-02 09:29:33-07:00
237,2022-09-30 00:06:33-07:00
238,2022-09-30 00:06:16-07:00
239,2022-09-30 00:00:43-07:00
240,2022-09-30 00:00:27-07:00
241,2022-09-30 00:00:19-07:00
242,2022-09-29 23:55:58-07:00
243,2022-09-29 23:55:51-07:00
244,2022-09-29 23:45:16-07:00
245,2022-09-29 23:45:05-07:00
246,2022-09-29 08:20:14-07:00
247,2022-09-29 08:16:51-07:00
248,2022-09-29 08:15:05-07:00
249,2022-09-29 08:09:33-07:00
250,2022-09-29 08:01:54-07:00
251,2022-09-29 08:01:47-07:00
252,2022-09-29 08:01:31-07:00
253,2022-09-29 07:57:58-07:00
254,2022-09-28 22:19:02-07:00
255,2022-09-28 13:44:25-07:00
256,2022-09-28 13:36:46-07:00
257,2022-09-28 13:30:21-07:00
258,2022-09-28 13:21:00-07:00
259,2022-09-28 13:13:11-07:00
260,2022-09-28 13:13:05-07:00
261,2022-09-28 13:06:21-07:00
262,2022-09-28 12:59:28-07:00
263,2022-09-28 12:53:42-07:00
264,2022-09-28 12:43:28-07:00
265,2022-09-28 12:43:22-07:00
266,2022-09-28 12:43:06-07:00
267,2022-09-15 22:39:14-07:00
268,2022-09-15 22:33:59-07:00
269,2022-09-15 22:33:45-07:00
270,2022-09-14 23:29:45-07:00
271,2022-09-14 23:29:20-07:00
272,2022-09-14 23:29:09-07:00
273,2022-09-12 22:37:11-07:00
274,2022-09-12 22:37:01-07:00
275,2022-07-16 08:04:15-07:00
276,2022-06-11 14:44:06-07:00
277,2022-06-01 05:14:37-07:00
278,2022-06-01 05:14:30-07:00
279,2022-05-31 18:16:02-07:00
280,2022-05-31 13:35:49-07:00
281,2022-05-31 13:35:43-07:00
282,2022-05-31 13:20:28-07:00
283,2022-05-31 13:02:16-07:00
284,2022-05-31 11:47:42-07:00
285,2022-05-16 12:32:37-07:00
286,2022-05-12 10:13:47-07:00
287,2022-05-05 13:04:45-07:00
288,2022-05-05 12:19:57-07:00
289,2022-05-05 12:17:58-07:00
290,2022-05-05 12:17:51-07:00
291,2022-05-04 21:05:30-07:00
292,2022-05-04 20:16:55-07:00
293,2022-05-04 19:46:42-07:00
294,2022-05-04 19:46:35-07:00
295,2022-05-04 19:33:57-07:00
296,2022-04-10 23:27:52-07:00
297,2022-04-08 13:51:44-07:00
298,2022-04-08 13:51:16-07:00
299,2022-04-08 13:51:09-07:00
300,2022-04-06 12:28:00-07:00
301,2022-04-06 12:27:53-07:00
302,2022-04-06 12:27:47-07:00
303,2022-04-01 17:36:31-07:00
304,2022-03-31 12:57:44-07:00
305,2022-03-31 12:57:37-07:00
306,2022-03-31 07:47:41-07:00
307,2022-03-31 07:38:44-07:00
308,2022-03-31 07:38:32-07:00
309,2022-03-30 09:01:42-07:00
310,2022-03-29 09:09:44-07:00
311,2022-03-29 09:09:38-07:00
312,2022-03-26 08:56:57-07:00
313,2022-03-26 08:56:51-07:00
314,2022-03-26 08:53:35-07:00
315,2022-03-26 08:50:10-07:00
316,2022-03-26 08:48:20-07:00
317,2022-03-25 13:17:06-07:00
318,2022-03-25 13:17:00-07:00
319,2022-03-25 13:16:53-07:00
320,2022-03-21 12:30:15-07:00
321,2022-03-07 18:58:23-08:00
322,2022-03-07 18:49:09-08:00
323,2022-03-07 18:49:03-08:00
324,2022-03-02 20:34:49-08:00
325,2022-03-01 13:37:05-08:00
326,2022-02-24 13:59:53-08:00
327,2022-02-24 13:59:35-08:00
328,2022-02-24 13:59:21-08:00
329,2022-02-24 13:56:30-08:00
330,2022-02-24 13:52:40-08:00
331,2022-02-24 13:44:53-08:00
332,2022-02-24 13:44:46-08:00
333,2022-02-22 10:37:32-08:00
334,2022-02-03 14:53:43-08:00
335,2022-02-01 10:36:14-08:00
336,2022-02-01 10:36:05-08:00
337,2022-01-27 14:56:18-08:00
338,2022-01-27 14:24:53-08:00
339,2022-01-01 21:23:08-08:00
340,2021-12-26 11:19:50-08:00
341,2021-12-14 21:57:43-08:00
342,2021-12-14 21:35:15-08:00
343,2021-12-14 16:52:46-08:00
344,2021-12-12 17:45:42-08:00
345,2021-12-11 00:11:53-08:00
346,2021-12-11 00:05:56-08:00
347,2021-12-11 00:03:22-08:00
348,2021-12-11 00:02:58-08:00
349,2021-12-09 14:32:14-08:00
350,2021-12-09 14:30:48-08:00
351,2021-12-09 14:23:36-08:00
352,2021-12-09 14:23:13-08:00
353,2021-12-08 17:31:45-08:00
354,2021-12-03 15:17:00-08:00
355,2021-12-03 15:09:34-08:00
356,2021-12-03 15:00:46-08:00
357,2021-12-03 14:47:57-08:00
358,2021-12-03 14:45:24-08:00
359,2021-12-03 14:22:30-08:00
360,2021-12-02 21:07:07-08:00
361,2021-12-02 21:06:02-08:00
362,2021-12-02 20:32:14-08:00
363,2021-12-01 18:17:10-08:00
364,2021-11-29 23:03:29-08:00
365,2021-11-29 17:21:22-08:00
366,2021-11-29 10:28:10-08:00
367,2021-11-23 10:44:25-08:00
368,2021-11-19 21:12:01-08:00
369,2021-11-19 21:11:23-08:00
370,2021-11-19 21:10:45-08:00
371,2021-11-19 21:08:06-08:00
372,2021-11-19 20:44:09-08:00
373,2021-11-19 10:12:32-08:00
374,2021-11-19 00:38:17-08:00
375,2021-11-18 22:29:34-08:00
376,2021-11-18 22:22:58-08:00
377,2021-11-18 22:07:59-08:00
378,2021-11-18 21:58:47-08:00
379,2021-11-18 21:48:51-08:00
380,2021-11-18 21:40:25-08:00
381,2021-11-18 21:33:30-08:00
382,2021-11-18 21:26:07-08:00
383,2021-11-18 21:18:40-08:00
384,2021-11-18 21:04:58-08:00
385,2021-11-18 18:08:39-08:00
386,2021-11-18 18:00:45-08:00
387,2021-11-18 17:56:20-08:00
388,2021-11-18 17:51:38-08:00
389,2021-11-18 17:43:09-08:00
390,2021-11-18 17:40:43-08:00
391,2021-11-18 17:38:36-08:00
392,2021-11-18 17:37:45-08:00
393,2021-11-18 17:37:08-08:00
394,2021-11-18 17:29:49-08:00
395,2021-11-08 15:04:06-08:00
396,2021-11-08 14:46:29-08:00
397,2021-11-08 14:44:53-08:00
398,2021-11-08 14:44:00-08:00
399,2021-11-03 14:51:40-07:00
400,2021-11-03 14:49:47-07:00
401,2021-11-03 14:49:23-07:00
402,2021-11-03 14:28:42-07:00
403,2021-11-01 15:34:32-07:00
404,2021-11-01 15:31:27-07:00
405,2021-11-01 15:28:03-07:00
406,2021-10-27 18:55:07-07:00
407,2021-10-27 18:54:25-07:00
408,2021-10-27 18:52:24-07:00
409,2021-10-26 14:50:01-07:00
410,2021-10-24 15:05:09-07:00
411,2021-10-18 14:32:35-07:00
412,2021-10-13 14:03:55-07:00
413,2021-10-13 14:03:10-07:00
414,2021-10-13 14:02:28-07:00
415,2021-10-13 14:01:52-07:00
416,2021-10-13 14:00:38-07:00
417,2021-10-13 13:58:28-07:00
418,2021-10-02 13:53:47-07:00
419,2021-09-28 19:27:17-07:00
420,2021-09-27 15:27:32-07:00
421,2021-09-22 07:38:03-07:00
422,2021-09-20 22:26:43-07:00
423,2021-09-20 12:51:24-07:00
424,2021-09-19 18:16:28-07:00
425,2021-09-18 10:07:48-07:00
426,2021-09-07 17:37:56-07:00
427,2021-08-30 14:24:20-07:00
428,2021-08-26 10:10:17-07:00
429,2021-08-25 23:09:39-07:00
430,2021-08-25 18:42:17-07:00
431,2021-08-25 18:40:54-07:00
432,2021-08-25 18:40:05-07:00
433,2021-08-21 09:31:59-07:00
434,2021-08-21 09:20:55-07:00
435,2021-08-20 21:25:34-07:00
436,2021-08-20 21:21:37-07:00
437,2021-08-20 10:21:16-07:00
438,2021-08-20 10:19:44-07:00
439,2021-08-11 11:55:47-07:00
440,2021-08-10 10:17:14-07:00
441,2021-08-10 10:17:12-07:00
442,2021-08-10 10:12:25-07:00
443,2021-08-08 17:18:57-07:00
444,2021-08-02 16:49:51-07:00
445,2021-08-02 16:06:26-07:00
446,2021-08-02 16:03:04-07:00
447,2021-08-01 21:34:26-07:00
448,2021-08-01 16:18:46-07:00
449,2021-07-21 21:28:39-07:00
450,2021-07-21 21:24:11-07:00
451,2021-07-16 09:59:12-07:00
452,2021-07-16 09:58:04-07:00
453,2021-07-13 12:07:30-07:00
454,2021-07-12 23:56:20-07:00
455,2021-07-12 23:53:02-07:00
456,2021-07-12 23:45:14-07:00
457,2021-07-12 23:39:17-07:00
458,2021-07-12 23:34:00-07:00
459,2021-07-12 23:30:47-07:00
460,2021-07-10 18:45:35-07:00
461,2021-07-10 15:46:11-07:00
462,2021-07-08 09:57:48-07:00
463,2021-07-07 23:30:18-07:00
464,2021-07-07 23:30:01-07:00
465,2021-07-07 21:36:58-07:00
466,2021-07-07 21:19:57-07:00
467,2021-07-07 21:11:46-07:00
468,2021-07-07 21:11:17-07:00
469,2021-07-07 19:41:17-07:00
470,2021-07-07 19:40:59-07:00
471,2021-07-07 19:25:59-07:00
472,2021-07-07 10:57:42-07:00
473,2021-07-07 00:30:59-07:00
474,2021-07-07 00:27:18-07:00
475,2021-07-07 00:25:58-07:00
476,2021-07-07 00:18:56-07:00
477,2021-07-06 23:39:28-07:00
478,2021-07-06 13:28:40-07:00
479,2021-07-06 10:35:27-07:00
480,2021-07-05 15:32:16-07:00
481,2021-07-05 15:32:09-07:00
482,2021-07-05 15:27:48-07:00
483,2021-07-05 15:21:38-07:00
484,2021-06-30 22:57:38-07:00
485,2021-06-29 23:36:04-07:00
486,2021-06-29 21:37:12-07:00
487,2021-06-28 20:55:36-07:00
488,2021-06-27 10:45:12-07:00
489,2021-06-27 10:44:51-07:00
490,2021-06-24 16:36:35-07:00
491,2021-06-24 16:35:47-07:00
492,2021-06-22 16:56:02-07:00
493,2021-06-22 16:51:48-07:00
494,2021-06-22 16:51:28-07:00
495,2021-06-19 16:43:27-07:00
496,2021-06-19 16:40:43-07:00
497,2021-06-19 16:39:57-07:00
498,2021-06-17 21:03:43-07:00
499,2021-06-17 21:03:16-07:00
500,2021-06-16 11:16:43-07:00
501,2021-06-14 22:55:33-07:00
502,2021-06-14 22:48:23-07:00
503,2021-06-14 22:41:25-07:00
504,2021-06-14 22:27:08-07:00
505,2021-06-14 16:21:12-07:00
506,2021-06-10 22:43:41-07:00
507,2021-06-10 22:42:48-07:00
508,2021-06-10 21:10:24-07:00
509,2021-06-10 09:26:18-07:00
510,2021-05-14 19:54:55-07:00
511,2021-05-11 14:50:49-07:00
512,2021-05-11 14:50:20-07:00
513,2021-05-11 14:41:53-07:00
514,2021-05-11 01:16:56-07:00
515,2021-05-10 11:52:54-07:00
516,2021-05-10 11:52:41-07:00
517,2021-05-10 09:18:04-07:00
518,2021-05-10 08:57:17-07:00
519,2021-05-10 08:56:34-07:00
520,2021-05-10 08:46:46-07:00
521,2021-05-09 16:46:41-07:00
522,2021-05-06 19:54:21-07:00
523,2021-05-04 21:40:40-07:00
524,2021-05-04 21:11:44-07:00
525,2021-05-04 10:42:48-07:00
526,2021-05-04 10:35:01-07:00
527,2021-05-04 08:32:15-07:00
528,2021-05-03 21:33:46-07:00
529,2021-05-03 21:32:07-07:00
530,2021-05-03 21:27:23-07:00
531,2021-05-03 21:21:27-07:00
532,2021-05-03 20:54:07-07:00
533,2021-05-02 17:42:21-07:00
534,2021-05-01 17:20:27-07:00
535,2021-05-01 17:10:41-07:00
536,2021-05-01 17:07:02-07:00
537,2021-05-01 17:00:47-07:00
538,2021-05-01 16:59:36-07:00
539,2021-05-01 16:54:47-07:00
540,2021-05-01 09:35:07-07:00
541,2021-04-30 07:55:37-07:00
542,2021-04-29 21:41:11-07:00
543,2021-04-29 18:16:20-07:00
544,2021-04-29 18:12:43-07:00
545,2021-04-27 22:48:07-07:00
546,2021-04-27 22:35:33-07:00
547,2021-04-27 22:34:37-07:00
548,2021-04-27 14:09:27-07:00
549,2021-04-27 14:01:28-07:00
550,2021-04-27 13:53:21-07:00
551,2021-04-27 13:49:50-07:00
552,2021-04-27 13:45:05-07:00
553,2021-04-27 13:42:19-07:00
554,2021-04-26 13:51:30-07:00
555,2021-04-26 13:41:35-07:00
556,2021-04-26 13:28:32-07:00
557,2021-04-26 13:17:48-07:00
558,2021-04-26 13:17:14-07:00
559,2021-04-26 13:14:36-07:00
560,2021-04-26 13:14:32-07:00
561,2021-04-26 13:13:24-07:00
562,2021-04-26 13:13:21-07:00
563,2021-04-26 13:11:16-07:00
564,2021-04-26 13:10:22-07:00
565,2021-04-26 13:06:43-07:00
566,2021-04-26 13:05:31-07:00
567,2021-04-26 13:04:00-07:00
568,2021-04-25 21:30:14-07:00
569,2021-04-25 21:22:22-07:00
570,2021-04-25 21:21:51-07:00
571,2021-04-25 21:19:25-07:00
572,2021-04-25 21:14:38-07:00
573,2021-04-25 21:11:52-07:00
574,2021-04-25 21:11:34-07:00
575,2021-04-25 21:09:25-07:00
576,2021-04-25 20:59:29-07:00
577,2021-04-25 20:52:05-07:00
578,2021-04-25 20:41:26-07:00
579,2021-04-25 20:36:38-07:00
580,2021-04-25 20:18:26-07:00
581,2021-04-25 20:14:32-07:00
582,2021-04-25 20:05:23-07:00
583,2021-04-21 22:18:57-07:00
584,2021-04-21 22:16:31-07:00
585,2021-04-19 09:45:05-07:00
586,2021-04-18 12:51:26-07:00
587,2021-04-13 22:37:13-07:00
588,2021-04-13 22:27:05-07:00
589,2021-02-01 22:45:14-08:00
590,2021-02-01 22:39:35-08:00
591,2021-02-01 21:57:22-08:00
592,2021-01-31 12:49:21-08:00
593,2021-01-31 10:55:35-08:00
594,2021-01-30 13:15:03-08:00
595,2021-01-30 09:36:44-08:00
596,2021-01-27 23:06:48-08:00
597,2021-01-27 23:02:00-08:00
598,2021-01-27 23:01:57-08:00
599,2021-01-26 13:44:23-08:00
600,2021-01-26 13:41:05-08:00
601,2021-01-26 13:37:47-08:00
602,2021-01-26 09:38:39-08:00
603,2021-01-26 09:35:51-08:00
604,2021-01-26 08:46:17-08:00
605,2021-01-26 08:36:52-08:00
606,2021-01-26 08:28:02-08:00
607,2021-01-26 08:18:32-08:00
608,2021-01-25 22:48:27-08:00
609,2021-01-25 09:17:37-08:00
610,2021-01-25 09:15:18-08:00
611,2021-01-25 09:10:08-08:00
612,2021-01-24 15:48:19-08:00
613,2021-01-22 15:38:56-08:00
614,2021-01-22 15:38:52-08:00
615,2021-01-22 15:31:43-08:00
616,2021-01-22 15:24:24-08:00
617,2021-01-22 15:18:33-08:00
618,2021-01-22 15:11:25-08:00
619,2021-01-22 15:06:01-08:00
620,2021-01-22 15:00:46-08:00
621,2021-01-21 15:19:03-08:00
622,2021-01-18 20:29:03-08:00
623,2021-01-18 20:24:34-08:00
624,2021-01-18 09:56:51-08:00
625,2021-01-17 11:37:05-08:00
626,2021-01-17 11:22:10-08:00
627,2021-01-17 11:14:57-08:00
628,2021-01-17 11:08:58-08:00
629,2021-01-16 23:40:15-08:00
630,2021-01-16 12:50:55-08:00
631,2021-01-16 12:46:20-08:00
632,2021-01-16 12:33:21-08:00
633,2021-01-16 12:23:10-08:00
634,2021-01-16 12:13:16-08:00
635,2021-01-16 12:09:58-08:00
636,2021-01-16 12:02:35-08:00
637,2021-01-16 11:58:38-08:00
638,2021-01-16 11:36:14-08:00
639,2021-01-16 11:25:43-08:00
640,2021-01-16 11:14:52-08:00
641,2021-01-15 16:36:37-08:00
642,2021-01-15 16:36:08-08:00
643,2021-01-15 00:07:18-08:00
644,2021-01-14 20:42:07-08:00
645,2021-01-14 19:26:52-08:00
646,2021-01-14 19:21:50-08:00
647,2021-01-14 15:49:00-08:00
648,2021-01-14 15:48:55-08:00
649,2021-01-08 00:09:46-08:00
650,2021-01-07 15:28:42-08:00
651,2021-01-07 09:38:21-08:00
652,2021-01-06 19:11:47-08:00
653,2021-01-06 19:10:35-08:00
654,2021-01-06 15:54:48-08:00
655,2021-01-06 12:40:55-08:00
656,2021-01-06 00:58:06-08:00
657,2021-01-06 00:56:47-08:00
658,2021-01-06 00:29:59-08:00
659,2021-01-05 20:24:29-08:00
660,2021-01-05 20:24:10-08:00
661,2021-01-05 20:20:22-08:00
662,2021-01-05 08:36:49-08:00
663,2021-01-05 08:36:31-08:00
664,2021-01-04 15:44:25-08:00
665,2021-01-02 22:14:05-08:00
666,2021-01-02 01:32:06-08:00
667,2021-01-01 23:51:52-08:00
668,2021-01-01 23:45:49-08:00
669,2021-01-01 23:39:10-08:00
670,2020-12-30 22:39:40-08:00
671,2020-12-30 22:30:29-08:00
672,2020-12-30 22:19:32-08:00
673,2020-12-30 22:19:09-08:00
674,2020-12-30 22:18:46-08:00
675,2020-12-30 22:01:31-08:00
676,2020-12-30 21:28:22-08:00
677,2020-12-30 21:20:34-08:00
678,2020-12-30 21:14:00-08:00
679,2020-12-30 21:13:33-08:00
680,2020-12-30 19:38:13-08:00
681,2020-12-30 19:30:40-08:00
682,2020-12-30 19:21:41-08:00
683,2020-12-30 19:16:15-08:00
684,2020-12-30 19:12:34-08:00
685,2020-12-30 19:04:38-08:00
686,2020-12-30 18:43:27-08:00
687,2020-12-30 18:41:48-08:00
688,2020-12-30 18:40:45-08:00
689,2020-12-30 18:39:54-08:00
690,2020-12-30 18:36:41-08:00
691,2020-12-30 18:36:05-08:00
692,2020-12-30 14:40:58-08:00
693,2020-12-30 14:40:38-08:00
694,2020-12-30 13:31:05-08:00
695,2020-12-29 13:56:57-08:00
696,2020-12-29 10:37:29-08:00
697,2020-10-27 13:50:42-07:00
698,2020-10-27 13:31:21-07:00
699,2020-10-26 14:17:57-07:00
700,2020-10-26 14:08:42-07:00
701,2020-10-25 14:21:16-07:00
702,2020-10-24 14:28:30-07:00
703,2020-10-23 15:56:17-07:00
704,2020-10-23 15:46:04-07:00
705,2020-10-23 13:05:56-07:00
706,2020-10-23 12:38:37-07:00
707,2020-10-23 12:34:46-07:00
708,2020-10-23 12:34:27-07:00
709,2020-10-22 11:32:59-07:00
710,2020-10-22 11:31:29-07:00
711,2020-10-22 11:31:17-07:00
712,2020-10-22 10:58:43-07:00
713,2020-10-22 10:53:48-07:00
714,2020-10-21 01:16:53-07:00
715,2020-10-21 01:09:10-07:00
716,2020-10-21 01:03:54-07:00
717,2020-10-21 00:24:33-07:00
718,2020-10-21 00:24:22-07:00
719,2020-10-20 00:15:02-07:00
720,2020-10-19 13:23:50-07:00
721,2020-10-19 13:13:07-07:00
722,2020-10-19 13:12:44-07:00
723,2020-10-19 11:17:33-07:00
724,2020-10-19 10:53:56-07:00
725,2020-10-18 23:24:45-07:00
726,2020-10-18 21:42:58-07:00
727,2020-10-18 14:38:12-07:00
728,2020-10-18 12:17:51-07:00
729,2020-10-16 02:01:50-07:00
730,2020-10-15 20:37:44-07:00
731,2020-10-15 20:32:43-07:00
732,2020-10-15 18:48:39-07:00
733,2020-10-15 18:41:07-07:00
734,2020-10-15 18:36:08-07:00
735,2020-10-15 18:35:46-07:00
736,2020-10-15 10:54:04-07:00
737,2020-10-15 10:48:38-07:00
738,2020-10-15 01:20:48-07:00
739,2020-10-14 21:33:22-07:00
740,2020-10-14 01:47:50-07:00
741,2020-10-14 01:30:17-07:00
742,2020-10-14 00:55:02-07:00
743,2020-10-14 00:12:58-07:00
744,2020-10-14 00:12:48-07:00
745,2020-10-12 22:56:10-07:00
746,2020-10-12 22:15:04-07:00
747,2020-10-12 14:20:08-07:00
748,2020-10-12 12:54:03-07:00
749,2020-10-12 12:50:30-07:00
750,2020-10-12 12:50:05-07:00
751,2020-10-12 08:35:15-07:00
752,2020-10-12 08:33:36-07:00
753,2020-10-11 22:40:06-07:00
754,2020-10-02 12:29:01-07:00
755,2020-09-28 14:39:49-07:00
756,2020-09-28 14:37:10-07:00
757,2020-09-28 14:35:08-07:00
758,2020-09-28 14:20:12-07:00
759,2020-09-28 09:38:54-07:00
760,2020-09-25 12:14:09-07:00
761,2020-09-25 11:31:22-07:00
762,2020-09-25 11:28:38-07:00
763,2020-09-24 01:32:04-07:00
764,2020-09-23 23:33:18-07:00
765,2020-09-23 10:42:34-07:00
766,2020-09-23 10:27:41-07:00
767,2020-09-22 12:45:27-07:00
768,2020-09-22 12:14:15-07:00
769,2020-09-22 08:31:22-07:00
770,2020-09-21 13:17:09-07:00
771,2020-09-21 13:10:08-07:00
772,2020-09-21 13:02:29-07:00
773,2020-09-21 13:00:44-07:00
774,2020-09-21 12:56:19-07:00
775,2020-09-21 12:55:49-07:00
776,2020-09-20 23:34:54-07:00
777,2020-09-16 10:27:52-07:00
778,2020-09-16 10:27:11-07:00
779,2020-09-15 23:07:37-07:00
780,2020-09-15 23:05:37-07:00
781,2020-09-15 22:57:28-07:00
782,2020-09-15 22:57:07-07:00
783,2020-09-14 13:14:36-07:00
784,2020-09-14 13:02:10-07:00
785,2020-09-14 13:01:48-07:00
786,2020-09-14 13:01:14-07:00
787,2020-09-11 20:50:03-07:00
788,2020-09-11 20:45:21-07:00
789,2020-09-11 20:38:36-07:00
790,2020-09-10 00:56:50-07:00
791,2020-09-10 00:45:22-07:00
792,2020-09-10 00:25:49-07:00
793,2020-09-10 00:09:45-07:00
794,2020-09-09 23:41:24-07:00
795,2020-09-09 23:21:33-07:00
796,2020-09-09 23:20:35-07:00
797,2020-09-09 23:13:49-07:00
798,2020-09-09 22:34:20-07:00
799,2020-09-09 22:29:53-07:00
800,2020-09-09 13:18:44-07:00
801,2020-09-09 13:15:35-07:00
802,2020-09-09 12:58:23-07:00
803,2020-09-09 12:56:42-07:00
804,2020-09-09 12:56:27-07:00
805,2020-09-09 12:35:25-07:00
806,2020-09-05 02:31:33-07:00
807,2020-09-04 17:42:56-07:00
808,2020-09-04 12:57:11-07:00
809,2020-09-02 10:04:29-07:00
810,2020-08-30 03:24:49-07:00
811,2020-08-30 03:19:25-07:00
812,2020-08-30 03:04:01-07:00
813,2020-08-30 02:44:57-07:00
814,2020-08-30 02:29:57-07:00
815,2020-08-30 02:13:03-07:00
816,2020-08-30 00:43:53-07:00
817,2020-08-30 00:42:56-07:00
818,2020-08-28 11:29:55-07:00
819,2020-08-27 18:12:22-07:00
820,2020-08-27 18:07:07-07:00
821,2020-08-19 02:48:49-07:00
822,2020-08-12 10:57:07-07:00
823,2020-08-12 10:45:22-07:00
824,2020-08-12 10:27:04-07:00
825,2020-08-12 10:21:45-07:00
826,2020-08-07 15:28:53-07:00
827,2020-08-07 12:11:30-07:00
828,2020-08-07 12:10:48-07:00
829,2020-08-07 12:06:36-07:00
830,2020-08-03 23:31:52-07:00
831,2020-08-01 23:36:20-07:00
832,2020-08-01 22:35:31-07:00
833,2020-08-01 22:35:17-07:00
834,2020-08-01 22:34:03-07:00
835,2020-08-01 22:16:36-07:00
836,2020-08-01 22:02:21-07:00
837,2020-07-29 23:29:47-07:00
838,2020-07-29 23:27:28-07:00
839,2020-07-27 23:50:13-07:00
840,2020-07-27 23:44:41-07:00
841,2020-07-27 23:37:07-07:00
842,2020-07-27 23:32:56-07:00
843,2020-07-27 23:21:55-07:00
844,2020-07-27 22:49:17-07:00
845,2020-07-25 01:23:07-07:00
846,2020-07-25 01:06:25-07:00
847,2020-07-25 00:59:49-07:00
848,2020-07-24 23:44:36-07:00
849,2020-07-24 23:44:33-07:00
850,2020-07-24 23:31:47-07:00
851,2020-07-24 20:56:42-07:00
852,2020-07-24 20:50:56-07:00
853,2020-07-24 20:50:19-07:00
854,2020-07-24 20:45:59-07:00
855,2020-07-24 20:41:08-07:00
856,2020-07-24 20:36:52-07:00
857,2020-07-24 20:34:57-07:00
858,2020-07-24 20:29:11-07:00
859,2020-07-24 20:23:14-07:00
860,2020-07-24 20:16:52-07:00
861,2020-07-24 20:11:05-07:00
862,2020-07-24 20:04:05-07:00
863,2020-07-24 19:58:15-07:00
864,2020-07-24 19:52:16-07:00
865,2020-07-22 21:35:55-07:00
866,2020-07-16 16:27:33-07:00
867,2020-07-15 23:42:20-07:00
868,2020-07-12 16:23:06-07:00
869,2020-07-12 16:20:29-07:00
870,2020-07-12 16:17:58-07:00
871,2020-07-12 16:16:02-07:00
872,2020-07-11 00:47:40-07:00
873,2020-07-11 00:27:03-07:00
874,2020-07-11 00:18:26-07:00
875,2020-07-11 00:09:56-07:00
876,2020-07-11 00:07:04-07:00
877,2020-07-11 00:06:40-07:00
878,2020-07-10 23:57:17-07:00
879,2020-07-10 23:45:42-07:00
880,2020-07-10 23:44:35-07:00
881,2020-07-10 22:44:16-07:00
882,2020-07-08 16:08:03-07:00
883,2020-07-07 21:30:04-07:00
884,2020-07-07 21:26:24-07:00
885,2020-07-07 21:18:18-07:00
886,2020-07-07 21:17:40-07:00
887,2020-07-07 21:06:54-07:00
888,2020-07-07 21:04:06-07:00
889,2020-07-06 20:54:47-07:00
890,2020-07-02 12:52:31-07:00
891,2020-07-02 12:40:22-07:00
892,2020-07-02 12:36:55-07:00
893,2020-07-02 12:31:58-07:00
894,2020-07-02 12:29:32-07:00
895,2020-07-01 22:28:51-07:00
896,2020-07-01 22:27:06-07:00
897,2020-07-01 10:27:35-07:00
898,2020-07-01 10:27:20-07:00
899,2020-07-01 10:24:46-07:00
900,2020-07-01 10:23:19-07:00
901,2020-07-01 10:21:17-07:00
902,2020-06-30 23:36:46-07:00
903,2020-06-24 00:48:42-07:00
904,2020-06-23 22:32:59-07:00
905,2020-06-22 22:46:19-07:00
906,2020-06-22 22:44:13-07:00
907,2020-06-22 14:58:26-07:00
908,2020-06-22 14:39:49-07:00
909,2020-06-22 14:33:04-07:00
910,2020-06-22 14:25:49-07:00
911,2020-06-22 14:18:28-07:00
912,2020-06-21 21:52:21-07:00
913,2020-06-18 09:32:03-07:00
914,2020-06-18 09:28:03-07:00
915,2020-06-18 09:26:46-07:00
916,2020-06-18 09:26:01-07:00
917,2020-06-18 09:24:55-07:00
918,2020-06-16 13:33:05-07:00
919,2020-06-16 13:26:30-07:00
920,2020-06-16 13:21:13-07:00
921,2020-06-15 23:58:52-07:00
922,2020-06-15 23:51:09-07:00
923,2020-06-15 10:42:01-07:00
924,2020-06-15 10:25:15-07:00
925,2020-06-15 10:07:00-07:00
926,2020-06-15 02:46:35-07:00
927,2020-06-14 23:58:07-07:00
928,2020-06-12 17:09:23-07:00
929,2020-06-12 02:17:42-07:00
930,2020-06-12 01:47:49-07:00
931,2020-06-12 01:32:49-07:00
932,2020-06-12 01:30:07-07:00
933,2020-06-12 01:13:01-07:00
934,2020-06-12 01:11:00-07:00
935,2020-06-12 01:07:36-07:00
936,2020-06-11 19:54:02-07:00
937,2020-06-11 19:40:22-07:00
938,2020-06-11 19:37:09-07:00
939,2020-06-10 23:08:34-07:00
940,2020-06-10 00:56:05-07:00
941,2020-06-10 00:17:39-07:00
942,2020-06-10 00:17:31-07:00
943,2020-06-09 20:24:34-07:00
944,2020-06-09 20:05:02-07:00
945,2020-06-09 16:23:16-07:00
946,2020-06-08 23:37:35-07:00
947,2020-06-08 23:35:47-07:00
948,2020-06-08 12:54:30-07:00
949,2020-06-05 15:00:12-07:00
950,2020-06-05 10:52:40-07:00
951,2020-06-04 12:52:06-07:00
952,2020-06-04 12:49:28-07:00
953,2020-06-03 15:08:10-07:00
954,2020-06-03 14:21:20-07:00
955,2020-06-03 10:14:41-07:00
956,2020-06-03 10:11:01-07:00
957,2020-06-01 10:22:45-07:00
958,2020-05-30 19:43:32-07:00
959,2020-05-28 15:23:25-07:00
960,2020-05-27 22:54:53-07:00
961,2020-05-27 22:41:00-07:00
962,2020-05-27 22:16:24-07:00
963,2020-05-27 22:07:56-07:00
964,2020-05-26 22:13:41-07:00
965,2020-05-26 22:13:24-07:00
966,2020-05-26 22:12:56-07:00
967,2020-05-26 22:12:19-07:00
968,2020-05-26 22:11:32-07:00
969,2020-05-26 22:07:26-07:00
970,2020-05-26 22:04:29-07:00
971,2020-05-25 19:24:43-07:00
972,2020-05-25 19:14:10-07:00
973,2020-05-25 19:01:02-07:00
974,2020-05-25 18:49:04-07:00
975,2020-05-25 14:10:06-07:00
976,2020-05-25 14:01:37-07:00
977,2020-05-25 13:53:17-07:00
978,2020-05-25 13:41:23-07:00
979,2020-05-25 13:33:48-07:00
980,2020-05-25 13:17:20-07:00
981,2020-05-25 13:12:55-07:00
982,2020-05-25 13:02:55-07:00
983,2020-05-25 12:57:37-07:00
984,2020-05-25 12:51:32-07:00
985,2020-05-25 11:15:17-07:00
986,2020-05-24 01:49:13-07:00
987,2020-05-24 01:43:42-07:00
988,2020-05-24 01:35:24-07:00
989,2020-05-24 01:27:27-07:00
990,2020-05-24 01:16:48-07:00
991,2020-05-24 01:06:54-07:00
992,2020-05-24 00:58:25-07:00
993,2020-05-24 00:52:28-07:00
994,2020-05-24 00:48:08-07:00
995,2020-05-24 00:41:47-07:00
996,2020-05-24 00:06:09-07:00
997,2020-05-23 23:58:56-07:00
998,2020-05-22 23:36:41-07:00
999,2020-05-22 23:33:53-07:00
1000,2020-05-22 21:37:03-07:00
1001,2020-05-22 12:16:05-07:00
1002,2020-05-22 11:52:29-07:00
1003,2020-05-22 11:50:01-07:00
1004,2020-05-22 11:19:46-07:00
1005,2020-05-21 23:46:09-07:00
1006,2020-05-21 23:46:06-07:00
1007,2020-05-21 01:21:08-07:00
1008,2020-05-21 01:20:50-07:00
1009,2020-05-20 23:44:54-07:00
1010,2020-05-20 21:51:30-07:00
1011,2020-05-20 18:05:49-07:00
1012,2020-05-20 16:15:19-07:00
1013,2020-05-20 16:11:45-07:00
1014,2020-05-20 15:14:57-07:00
1015,2020-05-20 15:04:03-07:00
1016,2020-05-20 14:53:47-07:00
1017,2020-05-19 23:22:34-07:00
1018,2020-05-19 22:53:40-07:00
1019,2020-05-19 22:53:34-07:00
1020,2020-05-19 18:21:23-07:00
1021,2020-05-19 18:16:16-07:00
1022,2020-05-19 18:10:30-07:00
1023,2020-05-19 15:10:50-07:00
1024,2020-05-19 15:04:31-07:00
1025,2020-05-18 23:35:03-07:00
1026,2020-05-18 23:24:20-07:00
1027,2020-05-18 23:02:48-07:00
1028,2020-05-18 22:48:18-07:00
1029,2020-05-18 22:26:07-07:00
1030,2020-05-17 22:14:52-07:00
1031,2020-05-17 21:54:18-07:00
1032,2020-05-17 20:09:34-07:00
1033,2020-05-17 13:55:38-07:00
1034,2020-05-17 12:54:17-07:00
1035,2020-05-17 12:42:37-07:00
1036,2020-05-17 12:13:21-07:00
1037,2020-05-17 12:12:05-07:00
1038,2020-05-17 11:14:27-07:00
1039,2020-05-17 11:09:07-07:00
1040,2020-05-15 15:26:54-07:00
1041,2020-05-15 15:14:37-07:00
1042,2020-05-14 22:05:52-07:00
1043,2020-05-14 21:22:18-07:00
1044,2020-05-14 20:03:01-07:00
1045,2020-05-14 17:06:26-07:00
1046,2020-05-14 14:46:25-07:00
1047,2020-05-14 14:42:01-07:00
1048,2020-05-14 14:24:37-07:00
1049,2020-05-13 22:12:50-07:00
1050,2020-05-13 17:51:10-07:00
1051,2020-05-13 17:28:24-07:00
1052,2020-05-13 17:23:30-07:00
1053,2020-05-13 17:23:19-07:00
1054,2020-05-13 17:22:58-07:00
1055,2020-05-13 17:22:10-07:00
1056,2020-05-13 16:46:09-07:00
1057,2019-06-28 13:09:09-07:00
1058,2019-06-28 13:02:50-07:00
1059,2019-06-28 13:00:17-07:00
1060,2019-06-28 12:53:41-07:00
1061,2019-06-28 12:02:49-07:00
1062,2019-06-28 11:36:52-07:00
1063,2019-06-28 11:32:46-07:00
1064,2019-06-28 11:30:53-07:00
1065,2019-06-28 11:08:16-07:00
1066,2019-06-28 11:02:35-07:00
1067,2019-06-28 11:01:35-07:00
1068,2019-06-28 10:56:17-07:00
1069,2019-06-28 10:51:22-07:00
1070,2019-06-28 10:48:27-07:00
1071,2019-06-28 10:44:52-07:00
1072,2019-06-28 10:43:58-07:00
1073,2019-06-28 10:37:24-07:00
1074,2019-06-28 02:36:34-07:00
1075,2019-06-28 02:26:59-07:00
1076,2019-06-28 02:23:13-07:00
1077,2019-06-28 02:19:01-07:00
1078,2019-06-28 02:18:10-07:00
1079,2019-06-28 02:18:07-07:00
1080,2019-06-28 02:13:41-07:00
1081,2019-06-28 02:05:38-07:00
1082,2019-06-28 00:25:16-07:00
1083,2019-06-27 23:25:07-07:00
1084,2019-06-27 23:17:35-07:00
1085,2019-06-27 23:13:40-07:00
1086,2019-06-27 23:11:39-07:00
1087,2019-06-27 23:05:39-07:00
1088,2019-06-27 22:56:22-07:00
1089,2019-06-27 22:42:32-07:00
1090,2019-06-27 22:31:42-07:00
1091,2019-06-27 22:13:42-07:00
1092,2019-06-27 21:59:42-07:00
1093,2019-06-27 21:59:18-07:00
1094,2019-06-27 21:52:12-07:00
1095,2019-06-27 21:43:07-07:00
1096,2019-06-27 21:37:40-07:00
1097,2019-06-27 21:12:12-07:00
1098,2019-06-27 20:59:56-07:00
1099,2019-06-27 20:59:30-07:00
1100,2019-06-27 20:56:39-07:00
1101,2019-06-27 20:51:03-07:00
1102,2019-06-27 20:41:35-07:00
1103,2019-06-27 17:33:36-07:00
1104,2019-06-27 17:30:59-07:00
1105,2019-06-27 17:29:08-07:00
1106,2019-06-27 17:28:04-07:00
1107,2019-06-27 17:25:36-07:00
1108,2019-06-27 17:19:16-07:00
1109,2019-06-27 17:17:42-07:00
1110,2019-06-27 17:16:30-07:00
1111,2019-06-27 17:14:48-07:00
1112,2019-06-27 17:11:33-07:00
1113,2019-06-27 17:10:12-07:00
1114,2019-06-27 17:07:51-07:00
1115,2019-06-27 17:07:22-07:00
1116,2019-06-27 17:01:08-07:00
1117,2019-06-27 16:48:44-07:00
1118,2019-06-27 16:41:20-07:00
1119,2019-06-27 16:01:27-07:00
1120,2019-06-27 15:55:27-07:00
1121,2019-06-27 15:52:03-07:00
1122,2019-06-27 11:38:57-07:00
1123,2019-06-27 11:30:10-07:00
1124,2019-06-27 11:21:38-07:00
1125,2019-06-27 11:21:17-07:00
1126,2019-06-27 11:19:11-07:00
1127,2019-06-27 11:15:52-07:00
1128,2019-06-27 11:10:41-07:00
1129,2019-06-27 11:01:09-07:00
1130,2019-06-27 10:53:22-07:00
1131,2019-06-27 10:35:53-07:00
1132,2019-06-27 10:28:47-07:00
1133,2019-06-27 08:35:55-07:00
1134,2019-06-27 08:19:29-07:00
1135,2019-06-27 08:12:32-07:00
1136,2019-06-27 07:59:08-07:00
1137,2019-06-26 23:24:08-07:00
1138,2019-06-26 23:20:50-07:00
1139,2019-06-26 23:16:33-07:00
1140,2019-06-26 23:11:30-07:00
1141,2019-06-26 09:32:34-07:00
1142,2019-06-26 09:23:49-07:00
1143,2019-06-26 00:10:35-07:00
1144,2019-06-26 00:03:04-07:00
1145,2019-06-25 23:46:52-07:00
1146,2019-06-25 23:37:08-07:00
1147,2019-06-25 23:30:44-07:00
1148,2019-06-25 23:27:18-07:00
1149,2019-06-25 20:27:38-07:00
1150,2019-06-25 19:37:39-07:00
1151,2019-06-25 19:33:32-07:00
1152,2019-06-25 19:32:11-07:00
1153,2019-06-25 19:31:39-07:00
1154,2019-06-25 19:31:07-07:00
1155,2019-06-25 19:31:05-07:00
1156,2019-06-25 19:29:50-07:00
1157,2019-06-25 19:26:21-07:00
1158,2019-06-25 19:25:11-07:00
1159,2019-06-25 19:20:47-07:00
1160,2019-06-25 11:18:37-07:00
1161,2019-06-25 11:17:42-07:00
1162,2019-06-25 11:05:42-07:00
1163,2019-06-25 10:55:18-07:00
1164,2019-06-25 10:42:18-07:00
1165,2019-06-25 10:41:39-07:00
1166,2019-06-25 10:39:52-07:00
1167,2019-06-25 10:36:06-07:00
1168,2019-06-25 10:35:10-07:00
1169,2019-06-25 10:22:11-07:00
1170,2019-06-25 10:04:59-07:00
1171,2019-06-25 09:48:03-07:00
1172,2019-06-25 09:46:17-07:00
1173,2019-06-25 09:26:02-07:00
1174,2019-06-25 09:08:02-07:00
1175,2019-06-24 20:05:26-07:00
1176,2019-06-24 16:08:25-07:00
1177,2019-06-24 16:08:01-07:00
1178,2019-06-24 15:42:29-07:00
1179,2019-06-24 15:42:09-07:00
1180,2019-06-24 15:38:39-07:00
1181,2019-06-24 15:34:55-07:00
1182,2019-06-23 20:46:52-07:00
1183,2019-06-23 20:34:56-07:00
1184,2019-06-23 20:21:54-07:00
1185,2019-06-23 20:09:37-07:00
1186,2019-06-23 20:00:22-07:00
1187,2019-06-23 19:58:28-07:00
1188,2019-06-23 19:44:53-07:00
1189,2019-06-23 17:27:18-07:00
1190,2019-06-23 13:08:58-07:00
1191,2019-06-23 13:02:04-07:00
1192,2019-06-23 12:44:28-07:00
1193,2019-06-23 12:17:54-07:00
1194,2019-06-23 12:14:25-07:00
1195,2019-06-23 11:59:03-07:00
1196,2019-06-23 11:46:19-07:00
1197,2019-06-23 11:43:09-07:00
1198,2019-06-23 11:34:10-07:00
1199,2019-06-23 11:10:09-07:00
1200,2019-06-23 11:01:14-07:00
1201,2019-06-23 09:52:50-07:00
1202,2019-06-23 09:51:22-07:00
1203,2019-06-23 09:46:30-07:00
1204,2019-06-23 09:39:32-07:00
1205,2019-06-23 09:37:21-07:00
1206,2019-06-23 09:34:37-07:00
1207,2019-06-23 09:32:43-07:00
1208,2019-06-23 09:29:04-07:00
1209,2019-06-23 09:25:57-07:00
1210,2019-06-23 01:36:26-07:00
1211,2019-06-22 23:12:40-07:00
1212,2019-06-22 23:01:46-07:00
1213,2019-06-22 23:00:44-07:00
1214,2019-06-22 21:22:30-07:00
1215,2019-06-22 21:16:56-07:00
1216,2019-06-22 21:10:32-07:00
1217,2019-06-22 20:18:37-07:00
1218,2019-06-22 20:09:10-07:00
1219,2019-06-22 17:47:57-07:00
1220,2019-06-22 17:41:52-07:00
1221,2019-06-22 16:47:56-07:00
1222,2019-05-19 09:30:55-07:00
1223,2019-05-19 09:28:11-07:00
1224,2019-05-19 08:20:09-07:00
1225,2019-05-18 21:47:20-07:00
1226,2019-05-18 21:36:45-07:00
1227,2019-05-18 21:32:06-07:00
1228,2019-05-18 21:29:10-07:00
1229,2019-05-18 21:25:55-07:00
1230,2019-05-18 21:24:35-07:00
1231,2019-05-18 21:21:55-07:00
1232,2019-05-18 21:20:23-07:00
1233,2019-05-18 21:01:18-07:00
1234,2019-05-18 20:43:21-07:00
1235,2019-05-18 20:42:42-07:00
1236,2019-05-18 20:39:13-07:00
1237,2019-05-18 20:36:35-07:00
1238,2019-05-18 20:34:33-07:00
1239,2019-05-18 08:23:38-07:00
1240,2019-05-18 08:17:21-07:00
1241,2019-05-18 08:13:48-07:00
1242,2019-05-18 08:08:08-07:00
1243,2019-05-18 08:01:54-07:00
1244,2019-05-18 07:43:20-07:00
1245,2019-05-18 07:37:34-07:00
1246,2019-05-17 23:14:33-07:00
1247,2019-05-17 23:05:02-07:00
1248,2019-05-17 23:04:47-07:00
1249,2019-05-17 23:04:06-07:00
1250,2019-05-14 20:51:47-07:00
1251,2019-05-14 20:50:34-07:00
1252,2019-05-14 20:49:39-07:00
1253,2019-05-14 19:47:56-07:00
1254,2019-05-13 20:51:26-07:00
1255,2019-05-13 20:46:22-07:00
1256,2019-05-13 20:11:09-07:00
1257,2019-05-13 20:07:12-07:00
1258,2019-05-12 01:05:19-07:00
1259,2019-05-12 00:55:39-07:00
1260,2019-05-12 00:40:29-07:00
1261,2019-05-12 00:27:17-07:00
1262,2019-05-12 00:23:13-07:00
1263,2019-05-12 00:14:28-07:00
1264,2019-05-12 00:05:04-07:00
1265,2019-05-11 23:56:16-07:00
1266,2019-05-11 23:49:44-07:00
1267,2019-05-11 23:39:51-07:00
1268,2019-05-11 23:31:52-07:00
1269,2019-05-11 23:21:05-07:00
1270,2019-05-11 23:06:59-07:00
1271,2019-05-11 22:56:12-07:00
1272,2019-05-11 22:41:41-07:00
1273,2019-05-11 22:38:42-07:00
1274,2019-05-11 22:37:03-07:00
1275,2019-05-11 22:20:22-07:00
1276,2019-05-11 22:07:01-07:00
1277,2019-05-11 22:01:46-07:00
1278,2019-05-11 21:48:22-07:00
1279,2019-05-11 21:33:43-07:00
1280,2019-05-11 21:27:00-07:00
1281,2019-05-11 21:13:08-07:00
1282,2019-05-11 21:05:02-07:00
1283,2019-05-11 21:01:35-07:00
1284,2019-05-11 20:58:58-07:00
1285,2019-05-11 20:26:15-07:00
1286,2019-05-11 20:21:12-07:00
1287,2019-05-11 20:04:22-07:00
1288,2019-05-11 19:59:33-07:00
1289,2019-05-11 19:51:58-07:00
1290,2019-05-09 22:04:48-07:00
1291,2019-05-09 22:04:00-07:00
1292,2019-05-07 17:47:09-07:00
1293,2019-05-07 17:44:40-07:00
1294,2019-05-05 12:52:04-07:00
1295,2019-05-05 12:41:16-07:00
1296,2019-05-05 12:21:07-07:00
1297,2019-05-05 12:16:51-07:00
1298,2019-05-05 12:04:39-07:00
1299,2019-05-05 11:17:52-07:00
1300,2019-05-04 19:19:52-07:00
1301,2019-05-04 17:43:42-07:00
1302,2019-05-04 17:29:22-07:00
1303,2019-05-04 17:25:41-07:00
1304,2019-05-04 11:02:52-07:00
1305,2019-05-04 10:57:14-07:00
1306,2019-05-04 10:37:45-07:00
1307,2019-05-04 09:51:54-07:00
1308,2019-05-04 09:28:20-07:00
1309,2019-05-04 09:20:51-07:00
1310,2019-05-03 22:20:16-07:00
1311,2019-05-03 22:12:28-07:00
1312,2019-05-03 22:11:53-07:00
1313,2019-05-02 19:49:47-07:00
1314,2019-05-02 02:21:45-07:00
1315,2019-05-02 02:06:56-07:00
1316,2019-04-08 01:51:44-07:00
1317,2019-04-08 01:37:27-07:00
1318,2019-04-08 01:16:08-07:00
1319,2019-04-08 00:56:34-07:00
1320,2019-04-08 00:28:28-07:00
1321,2019-04-08 00:26:22-07:00
1322,2019-04-08 00:26:04-07:00
1323,2019-04-08 00:25:36-07:00
1324,2019-04-08 00:14:35-07:00
1325,2019-04-07 23:56:53-07:00
1326,2019-04-07 23:55:26-07:00
1327,2019-04-07 23:22:21-07:00
1328,2019-04-07 22:57:01-07:00
1329,2019-04-07 22:47:35-07:00
1330,2019-04-07 22:42:10-07:00
1331,2019-04-07 22:36:00-07:00
1332,2019-04-07 22:35:08-07:00
1333,2019-04-07 21:48:28-07:00
1334,2019-04-07 21:30:31-07:00
1335,2019-04-07 21:14:21-07:00
1336,2019-04-07 20:56:07-07:00
1337,2019-04-07 19:40:19-07:00
1338,2019-04-07 18:34:54-07:00
1339,2019-04-07 18:27:56-07:00
1340,2019-04-07 18:27:23-07:00
1341,2019-04-07 18:24:22-07:00
1342,2019-04-07 18:17:48-07:00
1343,2019-04-07 18:10:31-07:00
1344,2019-04-07 18:04:52-07:00
1345,2019-04-07 17:55:41-07:00
1346,2019-04-07 17:51:21-07:00
1347,2019-04-07 17:47:41-07:00
1348,2019-04-07 17:43:28-07:00
1349,2019-04-07 17:38:24-07:00
1350,2019-04-07 17:34:02-07:00
1351,2019-03-24 18:34:54-07:00
1352,2019-03-23 14:18:00-07:00
1353,2019-03-23 14:06:02-07:00
1354,2019-03-22 23:25:18-07:00
1355,2019-03-22 23:12:24-07:00
1356,2019-03-22 23:11:38-07:00
1357,2019-03-19 20:22:54-07:00
1358,2019-03-19 20:09:24-07:00
1359,2019-03-19 20:06:47-07:00
1360,2019-03-19 20:06:30-07:00
1361,2019-03-19 20:05:06-07:00
1362,2019-03-17 00:53:21-07:00
1363,2019-03-17 00:48:06-07:00
1364,2019-03-17 00:43:13-07:00
1365,2019-03-17 00:36:44-07:00
1366,2019-03-17 00:26:25-07:00
1367,2019-03-16 23:37:06-07:00
1368,2019-03-16 23:29:05-07:00
1369,2019-03-16 23:24:18-07:00
1370,2019-03-16 23:15:54-07:00
1371,2019-03-16 23:11:50-07:00
1372,2019-03-16 23:05:15-07:00
1373,2019-03-16 23:02:35-07:00
1374,2019-03-16 22:53:16-07:00
1375,2019-03-16 22:37:56-07:00
1376,2019-03-16 22:25:20-07:00
1377,2019-03-16 22:17:03-07:00
1378,2019-03-16 22:11:25-07:00
1379,2019-03-16 22:00:01-07:00
1380,2019-03-16 21:57:02-07:00
1381,2019-03-16 21:45:39-07:00
1382,2019-03-16 16:28:31-07:00
1383,2019-03-16 16:20:33-07:00
1384,2019-03-16 15:54:33-07:00
1385,2019-03-16 15:43:50-07:00
1386,2019-03-16 15:32:27-07:00
1387,2019-03-16 15:21:58-07:00
1388,2019-03-16 15:11:01-07:00
1389,2019-03-16 14:57:46-07:00
1390,2019-03-16 14:48:29-07:00
1391,2019-03-16 14:34:53-07:00
1392,2019-03-16 14:21:20-07:00
1393,2019-03-16 14:21:02-07:00
1394,2019-03-16 14:20:54-07:00
1395,2019-03-16 14:10:02-07:00
1396,2019-03-10 19:33:36-07:00
1397,2019-03-10 19:32:20-07:00
1398,2019-03-10 13:04:10-07:00
1399,2019-03-09 17:27:13-08:00
1400,2019-03-09 17:18:12-08:00
1401,2019-03-09 17:11:44-08:00
1402,2019-03-09 17:10:13-08:00
1403,2019-03-09 17:05:07-08:00
1404,2019-03-09 17:00:59-08:00
1405,2019-03-09 16:58:49-08:00
1406,2019-03-09 16:54:46-08:00
1407,2019-03-09 16:46:18-08:00
1408,2019-03-09 16:20:44-08:00
1409,2019-03-03 20:04:06-08:00
1410,2019-03-03 19:53:58-08:00
1411,2019-03-03 14:44:45-08:00
1412,2019-03-03 13:25:33-08:00
1413,2019-03-03 13:11:54-08:00
1414,2019-03-03 12:47:37-08:00
1415,2019-03-03 12:18:40-08:00
1416,2019-03-03 11:57:34-08:00
1417,2019-03-03 11:53:25-08:00
1418,2019-03-03 01:28:06-08:00
1419,2019-03-03 01:19:28-08:00
1420,2019-03-03 01:13:32-08:00
1421,2019-03-01 23:32:57-08:00
1422,2019-03-01 23:28:58-08:00
1423,2019-03-01 23:27:15-08:00
1424,2019-03-01 23:23:08-08:00
1425,2019-03-01 23:22:37-08:00
1426,2019-03-01 23:05:15-08:00
1427,2019-03-01 22:57:25-08:00
1428,2019-03-01 22:38:30-08:00
1429,2019-03-01 22:30:42-08:00
1430,2019-02-28 23:14:52-08:00
1431,2019-02-28 22:58:40-08:00
1432,2019-02-28 22:39:09-08:00
1433,2019-02-28 22:17:24-08:00
1434,2019-02-27 22:25:16-08:00
1435,2019-02-27 19:06:03-08:00
1436,2019-02-27 18:52:33-08:00
1437,2019-02-27 18:51:34-08:00
1438,2019-02-27 18:44:17-08:00
1439,2019-02-26 21:38:26-08:00
1440,2019-02-26 21:12:42-08:00
1441,2019-02-22 23:33:58-08:00
1442,2019-02-22 23:24:32-08:00
1443,2019-02-22 23:15:40-08:00
1444,2019-02-22 22:58:41-08:00
1445,2019-02-22 22:46:20-08:00
1446,2019-02-22 20:37:14-08:00
1447,2019-02-22 20:35:13-08:00
1448,2019-02-22 11:01:50-08:00
1449,2019-02-21 22:55:53-08:00
1450,2019-02-21 20:58:48-08:00
1451,2019-02-21 20:54:37-08:00
1452,2019-02-21 20:51:17-08:00
1453,2019-02-21 20:50:16-08:00
1454,2019-02-21 20:45:48-08:00
1455,2019-02-21 20:44:46-08:00
1456,2019-02-21 12:20:38-08:00
1457,2019-02-21 12:12:04-08:00
1458,2019-02-20 22:15:10-08:00
1459,2019-02-19 22:49:10-08:00
1460,2019-02-19 22:21:46-08:00
1461,2019-02-19 22:08:33-08:00
1462,2019-02-19 21:52:38-08:00
1463,2019-02-19 21:51:25-08:00
1464,2019-02-19 21:39:32-08:00
1465,2019-02-19 21:31:43-08:00
1466,2019-02-19 21:28:43-08:00
1467,2019-02-19 21:13:55-08:00
1468,2019-02-16 13:38:57-08:00
1469,2019-02-16 13:35:00-08:00
1470,2019-02-16 13:28:57-08:00
1471,2019-02-16 13:22:36-08:00
1472,2019-02-16 13:20:46-08:00
1473,2019-02-16 13:08:16-08:00
1474,2019-02-15 00:52:08-08:00
1475,2019-02-12 23:29:53-08:00
1476,2019-02-11 01:07:19-08:00
1477,2019-02-11 00:53:11-08:00
1478,2019-02-11 00:49:40-08:00
1479,2019-02-11 00:34:43-08:00
1480,2019-02-10 23:18:20-08:00
1481,2019-02-09 21:24:46-08:00
1482,2019-02-09 20:33:56-08:00
1483,2019-02-09 20:28:31-08:00
1484,2019-02-09 20:26:33-08:00
1485,2019-02-09 20:13:28-08:00
1486,2019-02-03 23:25:57-08:00
1487,2019-01-30 19:49:49-08:00
1488,2019-01-30 16:57:33-08:00
1489,2019-01-30 16:55:29-08:00
1490,2019-01-26 14:20:17-08:00
1491,2019-01-26 10:08:15-08:00
1492,2019-01-26 09:54:33-08:00
1493,2019-01-26 00:18:00-08:00
1494,2019-01-25 19:57:34-08:00
1495,2019-01-24 21:41:45-08:00
1496,2019-01-24 21:36:26-08:00
1497,2019-01-23 14:30:58-08:00
1498,2019-01-22 18:16:28-08:00
1499,2019-01-22 18:01:11-08:00
1500,2019-01-22 18:00:00-08:00
1501,2019-01-21 20:09:23-08:00
1502,2019-01-17 20:28:57-08:00
1503,2019-01-17 20:28:05-08:00
1504,2019-01-09 23:16:49-08:00
1505,2019-01-09 20:40:29-08:00
1506,2019-01-09 20:23:24-08:00
1507,2019-01-09 20:02:17-08:00
1508,2018-12-28 02:06:26-08:00
1509,2018-12-15 20:25:49-08:00
1510,2018-12-15 20:24:20-08:00
1511,2018-12-12 00:13:28-08:00
1512,2018-12-06 23:46:27-08:00
1513,2018-12-02 19:20:24-08:00
1514,2018-12-01 22:28:51-08:00
1515,2018-12-01 22:15:12-08:00
1516,2018-12-01 22:05:53-08:00
1517,2018-12-01 22:02:18-08:00
1518,2018-12-01 22:00:59-08:00
1519,2018-11-29 01:09:00-08:00
1520,2018-11-28 18:43:15-08:00
1521,2018-11-28 18:37:39-08:00
1522,2018-11-27 22:05:34-08:00
1523,2018-11-27 21:42:42-08:00
1524,2018-11-27 21:36:42-08:00
1525,2018-11-26 18:17:23-08:00
1526,2018-11-26 18:16:51-08:00
1527,2018-11-26 18:04:16-08:00
1528,2018-11-25 01:56:31-08:00
1529,2018-11-25 01:52:56-08:00
1530,2018-11-25 01:26:19-08:00
1531,2018-11-23 18:57:47-08:00
1532,2018-11-23 16:32:45-08:00
1533,2018-11-23 16:09:36-08:00
1534,2018-11-23 16:07:44-08:00
1535,2018-11-19 18:43:06-08:00
1536,2018-11-19 18:40:46-08:00
1537,2018-11-19 18:38:44-08:00
1538,2018-11-19 18:36:45-08:00
1539,2018-11-19 18:29:52-08:00
1540,2018-11-19 18:17:07-08:00
1541,2018-11-19 18:09:26-08:00
1542,2018-11-18 17:24:32-08:00
1543,2018-11-18 17:23:01-08:00
1544,2018-11-18 17:21:32-08:00
1545,2018-11-18 17:19:19-08:00
1546,2018-11-18 17:18:08-08:00
1547,2018-11-18 17:16:56-08:00
1548,2018-11-18 17:15:27-08:00
1549,2018-11-18 17:14:17-08:00
1550,2018-11-18 17:13:07-08:00
1551,2018-11-18 17:12:06-08:00
1552,2018-11-18 17:11:05-08:00
1553,2018-11-18 17:09:50-08:00
1554,2018-11-18 10:55:06-08:00
1555,2018-11-18 10:41:32-08:00
1556,2018-11-17 23:18:14-08:00
1557,2018-11-17 23:16:28-08:00
1558,2018-11-17 23:10:35-08:00
1559,2018-11-17 23:05:32-08:00
1560,2018-11-17 23:04:11-08:00
1561,2018-11-17 22:51:21-08:00
1562,2018-11-17 22:47:36-08:00
1563,2018-11-17 22:39:57-08:00
1564,2018-11-17 22:26:50-08:00
1565,2018-11-17 22:09:42-08:00
1566,2018-11-17 18:48:45-08:00
1567,2018-11-17 14:45:24-08:00
1568,2018-11-17 10:15:27-08:00
1569,2018-11-17 09:50:56-08:00
1570,2018-11-16 18:38:25-08:00
1571,2018-11-16 18:25:58-08:00
1572,2018-11-05 22:18:41-08:00
1573,2018-11-04 20:51:39-08:00
1574,2018-11-04 20:51:02-08:00
1575,2018-10-30 23:10:18-07:00
1576,2018-10-30 18:11:53-07:00
1577,2018-10-29 21:34:35-07:00
1578,2018-10-29 21:34:06-07:00
1579,2018-10-29 21:29:49-07:00
1580,2018-10-29 19:08:57-07:00
1581,2018-10-29 19:06:26-07:00
1582,2018-10-29 18:20:10-07:00
1583,2018-10-29 18:17:39-07:00
1584,2018-10-29 17:53:30-07:00
1585,2018-10-29 17:49:29-07:00
1586,2018-10-28 16:54:44-07:00
1587,2018-10-26 21:24:09-07:00
1588,2018-10-26 20:39:59-07:00
1589,2018-10-26 20:39:49-07:00
1590,2018-10-26 20:26:46-07:00
1591,2018-10-26 20:19:17-07:00
1592,2018-10-26 19:48:21-07:00
1593,2018-10-26 19:27:21-07:00
1594,2018-10-25 00:05:48-07:00
1595,2018-10-24 22:20:26-07:00
1596,2018-10-24 22:07:25-07:00
1597,2018-10-24 22:03:52-07:00
1598,2018-10-24 21:20:46-07:00
1599,2018-10-24 18:46:09-07:00
1600,2018-10-24 18:37:57-07:00
1601,2018-10-23 22:36:36-07:00
1602,2018-10-23 22:21:35-07:00
1603,2018-10-22 19:22:20-07:00
1604,2018-09-27 20:11:51-07:00
1605,2018-09-27 20:07:42-07:00
1606,2018-09-27 19:54:20-07:00
1607,2018-09-25 19:58:10-07:00
1608,2018-09-22 12:16:40-07:00
1609,2018-09-22 12:13:02-07:00
1610,2018-09-22 12:04:52-07:00
1611,2018-09-22 11:55:52-07:00
1612,2018-09-22 11:51:14-07:00
1613,2018-09-22 11:46:59-07:00
1614,2018-09-22 11:33:11-07:00
1615,2018-09-22 11:22:25-07:00
1616,2018-09-22 11:16:49-07:00
1617,2018-09-22 10:30:58-07:00
1618,2018-09-22 10:17:52-07:00
1619,2018-09-20 19:22:19-07:00
1620,2018-09-13 18:11:09-07:00
1621,2018-09-13 18:05:07-07:00
1622,2018-09-13 18:04:54-07:00
1623,2018-09-12 21:20:08-07:00
1624,2018-09-12 20:01:37-07:00
1625,2018-09-09 09:34:15-07:00
1626,2018-09-09 08:35:00-07:00
1627,2018-09-09 00:12:07-07:00
1628,2018-09-08 23:32:14-07:00
1629,2018-09-08 23:04:49-07:00
1630,2018-09-08 22:37:56-07:00
1631,2018-09-08 22:37:50-07:00
1632,2018-09-08 22:23:12-07:00
1633,2018-09-08 22:04:16-07:00
1634,2018-09-08 21:51:14-07:00
1635,2018-09-08 21:24:53-07:00
1636,2018-09-08 18:31:38-07:00
1637,2018-09-08 18:14:25-07:00
1638,2018-09-08 18:08:17-07:00
1639,2018-09-08 18:05:35-07:00
1640,2018-09-08 18:05:13-07:00
1641,2018-09-08 17:54:51-07:00
1642,2018-09-08 17:41:29-07:00
1643,2018-09-08 17:35:12-07:00
1644,2018-09-08 17:31:04-07:00
1645,2018-09-08 17:26:06-07:00
1646,2018-09-08 17:21:39-07:00
1647,2018-09-08 17:16:18-07:00
1648,2018-09-08 17:14:27-07:00
1649,2018-09-08 17:04:21-07:00
1650,2018-09-08 16:39:44-07:00
1651,2018-09-08 16:30:41-07:00
1652,2018-09-08 16:24:50-07:00
1653,2018-09-08 16:15:25-07:00
1654,2018-09-08 16:08:26-07:00
1655,2018-09-08 15:52:31-07:00
1656,2018-09-08 15:47:00-07:00
1657,2018-09-08 15:43:11-07:00
1658,2018-09-08 15:37:16-07:00
1659,2018-09-08 15:29:21-07:00
1660,2018-09-05 00:12:29-07:00
1661,2018-09-05 00:01:41-07:00
1662,2018-09-04 23:52:41-07:00
1663,2018-09-03 00:32:03-07:00
1664,2018-09-03 00:19:02-07:00
1665,2018-09-03 00:08:22-07:00
1666,2018-09-02 23:50:19-07:00
1667,2018-09-02 23:50:03-07:00
1668,2018-09-02 23:45:23-07:00
1669,2018-09-02 23:41:46-07:00
1670,2018-09-02 23:31:37-07:00
1671,2018-09-02 23:26:27-07:00
1672,2018-09-02 23:22:16-07:00
1673,2018-09-02 23:04:50-07:00
1674,2018-09-01 13:17:50-07:00
1675,2018-09-01 13:07:13-07:00
1676,2018-09-01 13:06:38-07:00
1677,2018-09-01 12:59:47-07:00
1678,2018-09-01 12:54:08-07:00
1679,2018-09-01 12:42:21-07:00
1680,2018-09-01 03:07:53-07:00
1681,2018-09-01 02:53:07-07:00
1682,2018-09-01 02:26:54-07:00
1683,2018-09-01 02:10:50-07:00
1684,2018-09-01 01:53:43-07:00
1685,2018-08-31 23:43:18-07:00
1686,2018-08-31 23:39:15-07:00
1687,2018-08-31 23:27:44-07:00
1688,2018-08-31 23:17:11-07:00
1689,2018-08-31 23:06:54-07:00
1690,2018-08-31 22:53:20-07:00
1691,2018-08-31 22:51:38-07:00
1692,2018-08-31 22:45:42-07:00
1693,2018-08-31 22:44:16-07:00
1694,2018-08-31 22:32:09-07:00
1695,2018-08-31 22:22:19-07:00
1696,2018-08-31 20:47:46-07:00
1697,2018-08-31 20:39:08-07:00
1698,2018-08-31 20:27:19-07:00
1699,2018-08-31 20:05:33-07:00
1700,2018-08-31 19:54:13-07:00
1701,2018-08-31 19:33:07-07:00
1702,2018-08-31 19:21:55-07:00
1703,2018-08-31 19:21:00-07:00
1704,2018-08-30 01:11:20-07:00
1705,2018-08-30 01:01:00-07:00
1706,2018-08-30 00:50:42-07:00
1707,2018-08-30 00:35:37-07:00
1708,2018-08-30 00:35:31-07:00
1709,2018-08-30 00:07:10-07:00
1710,2018-08-29 23:24:07-07:00
1711,2018-08-29 23:13:09-07:00
1712,2018-08-29 22:41:28-07:00
1713,2018-08-29 22:30:02-07:00
1714,2018-08-29 22:21:50-07:00
1715,2018-08-29 22:04:05-07:00
1716,2018-08-27 21:54:08-07:00
1717,2018-08-27 21:39:47-07:00
1718,2018-08-27 21:26:17-07:00
1719,2018-08-27 21:13:56-07:00
1720,2018-08-27 21:12:09-07:00
1721,2018-08-27 21:03:30-07:00
1722,2018-08-27 18:21:24-07:00
1723,2018-08-27 18:11:40-07:00
1724,2018-08-27 17:58:22-07:00
1725,2018-08-27 17:58:20-07:00
1726,2018-08-27 17:52:59-07:00
1727,2018-08-24 12:57:48-07:00
1728,2018-08-24 12:52:06-07:00
1729,2018-08-24 12:42:01-07:00
1730,2018-08-24 12:34:28-07:00
1731,2018-08-24 12:24:07-07:00
1732,2018-08-24 12:00:09-07:00
1733,2018-08-24 11:41:59-07:00
1734,2018-08-24 11:33:05-07:00
1735,2018-08-23 23:20:04-07:00
1736,2018-08-23 23:19:10-07:00
1737,2018-08-23 23:08:42-07:00
1738,2018-08-23 22:59:09-07:00
1739,2018-08-23 22:47:41-07:00
1740,2018-08-23 22:33:22-07:00
1741,2018-08-23 22:31:10-07:00
1742,2018-08-23 22:26:48-07:00
1743,2018-08-23 22:25:30-07:00
1744,2018-08-23 22:07:08-07:00
1745,2018-08-23 22:06:22-07:00
1746,2018-08-23 21:58:43-07:00
1747,2018-08-23 21:49:21-07:00
1748,2018-08-23 21:41:59-07:00
1749,2018-08-23 21:41:40-07:00
1750,2018-08-23 21:27:31-07:00
1751,2018-08-23 21:24:27-07:00
1752,2018-08-23 00:15:35-07:00
1753,2018-08-23 00:11:36-07:00
1754,2018-08-23 00:07:33-07:00
1755,2018-08-23 00:02:45-07:00
1756,2018-08-22 23:59:14-07:00
1757,2018-08-22 23:55:53-07:00
1758,2018-08-22 23:51:53-07:00
1759,2018-08-22 23:48:41-07:00
1760,2018-08-22 23:44:47-07:00
1761,2018-08-22 23:12:03-07:00
1762,2018-08-22 22:30:15-07:00
1763,2018-08-22 22:22:07-07:00
1764,2018-08-22 22:11:36-07:00
1765,2018-08-22 21:56:40-07:00
1766,2018-08-22 21:46:46-07:00
1767,2018-08-22 21:38:25-07:00
1768,2018-08-22 21:22:34-07:00
1769,2018-08-22 21:12:29-07:00
1770,2018-08-22 20:59:38-07:00
1771,2018-08-22 20:42:22-07:00
1772,2018-08-22 20:29:01-07:00
1773,2018-08-22 20:18:11-07:00
1774,2018-08-22 20:03:08-07:00
1775,2018-08-14 20:43:16-07:00
1776,2018-08-07 19:32:21-07:00
1777,2018-08-07 19:27:42-07:00
1778,2018-08-07 19:18:27-07:00
1779,2018-08-07 19:17:27-07:00
1780,2018-08-07 19:12:19-07:00
1781,2018-08-06 23:49:47-07:00
1782,2018-08-06 23:40:35-07:00
1783,2018-08-06 23:24:38-07:00
1784,2018-08-06 23:18:53-07:00
1785,2018-08-06 22:45:41-07:00
1786,2018-07-26 00:05:07-07:00
1787,2018-07-25 23:56:49-07:00
1788,2018-07-25 23:48:57-07:00
1789,2018-07-25 23:35:39-07:00
1790,2018-07-25 23:35:07-07:00
1791,2018-07-25 23:16:15-07:00
1792,2018-07-25 23:11:51-07:00
1793,2018-07-25 23:02:29-07:00
1794,2018-07-25 22:35:54-07:00
1795,2018-07-25 21:59:49-07:00
1796,2018-07-25 21:27:40-07:00
1797,2018-07-25 20:45:52-07:00
1798,2018-07-25 20:37:11-07:00
1799,2018-07-25 20:27:16-07:00
1800,2018-07-25 20:05:13-07:00
1801,2018-07-25 19:53:40-07:00
1802,2018-07-25 19:48:31-07:00
1803,2018-07-25 19:39:01-07:00
1804,2018-07-25 18:22:11-07:00
1805,2018-07-25 18:11:39-07:00
1806,2018-07-25 18:06:46-07:00
1807,2018-07-23 21:16:15-07:00
1808,2018-07-23 21:08:53-07:00
1809,2018-07-23 21:00:59-07:00
1810,2018-07-23 20:48:52-07:00
1811,2018-07-23 20:35:34-07:00
1812,2018-07-23 20:20:42-07:00
1813,2018-07-23 19:15:01-07:00
1814,2018-07-23 18:58:52-07:00
1815,2018-07-23 18:49:50-07:00
1816,2018-07-23 18:34:53-07:00
1817,2018-07-23 18:27:22-07:00
1818,2018-07-23 18:18:05-07:00
1819,2018-07-23 18:00:15-07:00
1820,2018-07-23 16:47:12-07:00
1821,2018-07-23 16:34:28-07:00
1822,2018-07-22 22:52:42-07:00
1823,2018-07-22 22:04:50-07:00
1824,2018-07-22 19:48:10-07:00
1825,2018-07-22 19:31:23-07:00
1826,2018-07-22 19:29:08-07:00
1827,2018-07-22 19:08:46-07:00
1828,2018-07-22 15:45:39-07:00
1829,2018-07-22 15:34:43-07:00
1830,2018-07-22 15:28:34-07:00
1831,2018-07-22 11:37:52-07:00
1832,2018-07-22 11:23:51-07:00
1833,2018-07-22 10:44:16-07:00
1834,2018-07-22 10:28:54-07:00
1835,2018-07-22 00:31:17-07:00
1836,2018-07-22 00:28:34-07:00
1837,2018-07-22 00:22:23-07:00
1838,2018-07-22 00:07:03-07:00
1839,2018-07-21 23:55:09-07:00
1840,2018-07-21 23:42:21-07:00
1841,2018-07-21 22:51:06-07:00
1842,2018-07-21 22:43:40-07:00
1843,2018-07-21 22:34:04-07:00
1844,2018-07-21 22:28:11-07:00
1845,2018-07-20 22:57:46-07:00
1846,2018-07-20 22:03:47-07:00
1847,2018-07-20 19:16:58-07:00
1848,2018-07-20 19:16:45-07:00
1849,2018-07-20 19:09:02-07:00
1850,2018-07-20 19:08:56-07:00
1851,2018-07-20 19:02:24-07:00
1852,2018-07-20 18:56:43-07:00
1853,2018-07-20 18:05:40-07:00
1854,2018-07-20 17:59:13-07:00
1855,2018-07-20 17:50:53-07:00
1856,2018-07-20 17:41:44-07:00
1857,2018-07-20 17:36:39-07:00
1858,2018-07-20 17:31:35-07:00
1859,2018-07-20 17:25:02-07:00
1860,2018-07-20 17:18:24-07:00
1861,2018-07-20 17:01:51-07:00
1862,2018-07-20 16:13:14-07:00
1863,2018-07-20 16:00:21-07:00
1864,2018-07-20 15:18:25-07:00
1865,2018-07-20 15:02:13-07:00
1866,2018-07-20 14:50:48-07:00
1867,2018-07-20 14:42:08-07:00
1868,2018-07-20 14:32:22-07:00
1869,2018-07-20 14:18:50-07:00
1870,2018-07-20 14:00:51-07:00
1871,2018-07-20 13:50:46-07:00
1872,2018-07-20 12:48:03-07:00
1873,2018-07-20 12:47:35-07:00
1874,2018-07-20 12:26:03-07:00
1875,2018-07-20 12:25:44-07:00
1876,2018-07-20 12:25:24-07:00
1877,2018-07-20 12:16:10-07:00
1878,2018-07-20 12:15:51-07:00
1879,2018-07-19 19:15:22-07:00
1880,2018-07-19 19:01:26-07:00
1881,2018-07-19 11:40:39-07:00
1882,2018-07-19 11:21:37-07:00
1883,2018-07-18 23:48:56-07:00
1884,2018-07-18 23:36:06-07:00
1885,2018-07-18 19:05:37-07:00
1886,2018-07-18 18:47:27-07:00
1887,2018-07-18 18:47:03-07:00
1888,2018-07-18 18:24:10-07:00
1889,2018-07-18 18:13:46-07:00
1890,2018-07-18 17:47:49-07:00
1891,2018-07-17 22:22:29-07:00
1892,2018-07-17 22:20:08-07:00
1893,2018-07-17 22:17:46-07:00
1894,2018-07-17 22:01:05-07:00
1895,2018-07-17 21:48:43-07:00
1896,2018-07-17 21:32:08-07:00
1897,2018-07-17 21:21:16-07:00
1898,2018-07-17 21:20:37-07:00
1899,2018-07-17 20:53:56-07:00
1900,2018-07-17 20:52:53-07:00
1901,2018-07-12 18:36:43-07:00
1902,2018-07-12 18:34:38-07:00
1903,2018-07-12 18:31:54-07:00
1904,2018-07-11 22:39:08-07:00
1905,2018-07-10 21:58:16-07:00
1906,2018-06-30 22:30:10-07:00
1907,2018-06-29 23:32:32-07:00
1908,2018-06-29 20:47:16-07:00
1909,2018-06-29 20:24:45-07:00
1910,2018-06-29 20:24:24-07:00
1911,2018-06-29 20:20:43-07:00
1912,2018-06-29 20:20:04-07:00
1913,2018-06-29 20:15:51-07:00
1914,2018-06-29 20:06:57-07:00
1915,2018-06-29 20:01:17-07:00
1916,2018-06-29 19:57:45-07:00
1917,2018-06-29 19:46:31-07:00
1918,2018-06-29 19:44:19-07:00
1919,2018-06-29 15:56:45-07:00
1920,2018-06-29 15:54:47-07:00
1921,2018-06-27 22:17:17-07:00
1922,2018-06-23 00:58:13-07:00
1923,2018-06-23 00:35:44-07:00
1924,2018-06-23 00:34:58-07:00
1925,2018-06-23 00:24:28-07:00
1926,2018-06-23 00:12:20-07:00
1927,2018-06-22 23:57:53-07:00
1928,2018-06-22 23:53:36-07:00
1929,2018-06-22 23:51:59-07:00
1930,2018-06-22 23:48:58-07:00
1931,2018-06-22 23:43:43-07:00
1932,2018-06-22 23:30:41-07:00
1933,2018-06-22 23:26:21-07:00
1934,2018-06-22 23:19:43-07:00
1935,2018-06-22 23:17:02-07:00
1936,2018-06-17 21:31:31-07:00
1937,2018-06-17 21:30:36-07:00
1938,2018-06-17 21:28:48-07:00
1939,2018-06-17 21:28:45-07:00
1940,2018-06-17 21:27:49-07:00
1941,2018-06-17 21:25:57-07:00
1942,2018-06-17 21:24:59-07:00
1943,2018-06-17 21:23:36-07:00
1944,2018-06-17 21:21:58-07:00
1945,2018-06-17 21:20:55-07:00
1946,2018-06-09 23:12:49-07:00
1947,2018-06-09 22:58:03-07:00
1948,2018-06-09 22:43:29-07:00
1949,2018-06-09 22:42:18-07:00
1950,2018-06-09 22:37:24-07:00
1951,2018-06-09 22:36:46-07:00
1952,2018-06-03 18:58:18-07:00
1953,2018-06-03 18:26:57-07:00
1954,2018-06-03 18:17:24-07:00
1955,2018-06-03 17:59:11-07:00
1956,2018-06-03 17:58:57-07:00
1957,2018-06-03 17:46:18-07:00
1958,2018-06-03 17:28:16-07:00
1959,2018-06-03 17:14:23-07:00
1960,2018-06-03 17:12:45-07:00
1961,2018-06-03 16:58:44-07:00
1962,2018-06-03 16:48:40-07:00
1963,2018-06-03 16:36:01-07:00
1964,2018-06-03 16:25:02-07:00
1965,2018-06-03 16:12:34-07:00
1966,2018-06-03 15:59:23-07:00
1967,2018-06-03 15:46:13-07:00
1968,2018-06-03 15:33:06-07:00
1969,2018-06-03 15:17:03-07:00
1970,2018-06-03 15:04:02-07:00
1971,2018-06-03 14:35:31-07:00
1972,2018-06-03 14:19:27-07:00
1973,2018-06-03 14:05:42-07:00
1974,2018-06-03 14:01:50-07:00
1975,2018-06-03 13:56:22-07:00
1976,2018-06-03 13:49:41-07:00
1977,2018-06-03 13:49:29-07:00
1978,2018-06-03 13:37:15-07:00
1979,2018-06-03 13:35:45-07:00
1980,2018-06-03 13:27:56-07:00
1981,2018-06-03 13:26:20-07:00
1982,2018-05-13 15:17:20-07:00
1983,2018-05-12 15:30:18-07:00
1984,2018-05-12 15:26:54-07:00
1985,2018-05-12 15:12:15-07:00
1986,2018-05-12 15:09:05-07:00
1987,2018-05-12 15:04:51-07:00
1988,2018-05-12 15:02:56-07:00
1989,2018-05-12 14:41:24-07:00
1990,2018-05-12 14:40:15-07:00
1991,2018-05-12 14:34:42-07:00
1992,2018-05-12 14:34:32-07:00
1993,2018-05-12 14:31:32-07:00
1994,2018-05-12 14:19:17-07:00
1995,2018-05-12 14:16:27-07:00
1996,2018-05-12 14:15:51-07:00
1997,2018-05-12 14:15:25-07:00
1998,2018-05-12 14:14:53-07:00
1999,2018-05-12 14:13:45-07:00
2000,2018-05-12 14:10:01-07:00
2001,2018-05-12 13:52:18-07:00
2002,2018-05-12 13:51:43-07:00
2003,2018-05-12 13:39:40-07:00
2004,2018-05-12 13:24:22-07:00
2005,2018-05-12 13:18:54-07:00
2006,2018-05-12 13:05:25-07:00
2007,2018-05-12 13:01:37-07:00
2008,2018-04-23 20:04:28-07:00
2009,2018-04-23 20:03:08-07:00
2010,2018-04-23 20:00:11-07:00
2011,2018-04-19 21:47:02-07:00
2012,2018-04-15 23:08:33-07:00
2013,2018-04-15 23:08:00-07:00
2014,2018-04-15 02:00:09-07:00
2015,2018-04-15 02:00:00-07:00
2016,2018-04-15 01:42:19-07:00
2017,2018-04-15 00:30:20-07:00
2018,2018-04-15 00:17:39-07:00
2019,2018-04-14 23:56:15-07:00
2020,2018-04-14 23:38:47-07:00
2021,2018-04-14 23:19:56-07:00
2022,2018-04-14 23:04:00-07:00
2023,2018-04-14 22:43:32-07:00
2024,2018-04-14 20:28:15-07:00
2025,2018-04-12 13:30:53-07:00
2026,2018-04-12 13:26:08-07:00
2027,2018-04-12 13:19:06-07:00
2028,2018-04-12 13:11:46-07:00
2029,2018-04-12 13:05:09-07:00
2030,2018-04-12 12:51:38-07:00
2031,2018-04-12 12:47:21-07:00
2032,2018-04-12 12:39:26-07:00
2033,2018-04-12 12:33:52-07:00
2034,2018-04-12 12:31:30-07:00
2035,2018-04-12 11:32:06-07:00
2036,2018-04-12 09:54:19-07:00
2037,2018-04-12 09:50:11-07:00
2038,2018-04-11 00:59:37-07:00
2039,2018-04-11 00:58:40-07:00
2040,2018-04-10 19:54:46-07:00
2041,2018-04-10 19:50:39-07:00
2042,2018-04-03 21:24:20-07:00
2043,2018-04-02 21:41:50-07:00
2044,2018-04-02 21:41:42-07:00
2045,2018-04-02 21:40:14-07:00
2046,2018-04-02 21:39:56-07:00
2047,2018-04-02 21:38:13-07:00
2048,2018-04-02 21:19:23-07:00
2049,2018-04-02 21:15:16-07:00
2050,2018-04-02 21:13:01-07:00
2051,2018-04-02 21:04:56-07:00
2052,2018-04-02 21:02:45-07:00
2053,2018-04-02 20:57:31-07:00
2054,2018-04-02 20:56:31-07:00
2055,2018-04-02 20:51:46-07:00
2056,2018-04-02 20:48:35-07:00
